{"options":{"awareOfChrome":false,"check_for_updates":true,"comment":null,"compat_arrayleft":false,"compat_foreach":false,"compat_forvarin":false,"compat_metadata":false,"compat_uW_gmonkey":false,"compat_wrappedjsobject":false,"compatopts_for_requires":true,"noframes":null,"override":{"merge_connects":true,"merge_excludes":true,"merge_includes":true,"merge_matches":true,"orig_connects":["analdin.com","xozilla.com","porntrex.com","thisav.com","tube8.com","xtube.com","hoakhuya.com","pornhubpremium.com","pornhub.com","pornhub.es","phncdn.com","t8cdn.com","xvideos.com","xhamster.com","4horlover.com","xnxx.com","xhamster.one","xhamster.desi","pornhub.xxx","pornhub.net","xvideos.xxx","xvideos.net","xvideos-cdn.com","xvideos.es","xnxx.es","ahcdn.com","phprcdn.com","xhamster1.desi","xhamster2.com","xhamster7.com","xhamster8.com","xhamster9.com","xhamster10.com","xhamster11.com","xhamster12.com","xhamster13.com","xhamster14.com","xhamster15.com","xhamster17.com","xhamster18.com","xhamster19.com","xhamster20.com","ouo.io","xnxx-cdn.com","ouo.press","cluster.awmserve.com","684102.github.io","github.com","githubusercontent.com","googleapis.com","jsdelivr.net"],"orig_excludes":[],"orig_includes":["*://*.analdin.com/*","*://*.xozilla.com/*","*://*.porntrex.com/*","*://*.thisav.com/*","*://*.tube8.com/*","*://*.xtube.com/*","*://*.pornhub.com/*","*://*.pornhubpremium.com/*","*://de.pornhubpremium.com/*","*://fr.pornhubpremium.com/*","*://*.hoakhuya.com/*","*://es.pornhubpremium.com/*","*://it.pornhubpremium.com/*","*://pt.pornhubpremium.com/*","*://pl.pornhubpremium.com/*","*://rt.pornhubpremium.com/*","*://jp.pornhubpremium.com/*","*://nl.pornhubpremium.com/*","*://cz.pornhubpremium.com/*","*://cn.pornhubpremium.com/*","*://de.pornhub.com/*","*://*.phncdn.com/*","*://*.t8cdn.com/*","*://fr.pornhub.com/*","*://es.pornhub.com/*","*://it.pornhub.com/*","*://pt.pornhub.com/*","*://pl.pornhub.com/*","*://rt.pornhub.com/*","*://jp.pornhub.com/*","*://nl.pornhub.com/*","*://cz.pornhub.com/*","*://cn.pornhub.com/*","*://*.xvideos.com/*","*://xhamster.com/*","*://4horlover.com/*","*://*.pornhub.es/*","*://*.xnxx.com/*","*://xhamster.one/*","*://xhamster.desi/*","*://*.pornhub.xxx/*","*://*.pornhub.net/*","*://*.xvideos.xxx/*","*://*.xvideos.net/*","*://*.xvideos-cdn.com/*","*://*.xvideos.es/*","*://*.xnxx.es/*","*://*.ahcdn.com/*","*://*.phprcdn.com/*","*://xhamster1.desi/*","*://xhamster2.com/*","*://xhamster7.com/*","*://xhamster8.com/*","*://xhamster9.com/*","*://xhamster10.com/*","*://xhamster11.com/*","*://xhamster12.com/*","*://xhamster13.com/*","*://xhamster14.com/*","*://xhamster15.com/*","*://xhamster17.com/*","*://xhamster18.com/*","*://xhamster19.com/*","*://xhamster20.com/*","*://xhamster20.com/*","*://ouo.io/*","*://*.xnxx-cdn.com/*","*://ouo.press/*","*://cluster.awmserve.com/*","*://684102.github.io/*","*://github.com/684102/*"],"orig_matches":[],"orig_noframes":true,"orig_run_at":"document-end","use_blockers":[],"use_connects":[],"use_excludes":[],"use_includes":[],"use_matches":[]},"run_at":null},"settings":{"enabled":true,"position":2},"meta":{"name":"Porn Downloader","uuid":"425cc05d-c4f2-46d3-b3a0-72d0f6b1b423","modified":1590651786106,"file_url":"https://github.com/684102/PornDownloader/raw/master/PornDownloader.user.js"}}