{"options":{"check_for_updates":true,"comment":null,"compatopts_for_requires":true,"compat_wrappedjsobject":false,"compat_metadata":false,"compat_foreach":false,"compat_arrayleft":false,"compat_uW_gmonkey":false,"compat_forvarin":false,"noframes":null,"awareOfChrome":false,"run_at":null,"override":{"use_includes":[],"orig_includes":["*://www.zhihu.com/*"],"merge_includes":true,"use_matches":[],"orig_matches":[],"merge_matches":true,"use_excludes":[],"orig_excludes":[],"merge_excludes":true,"use_connects":[],"merge_connects":true,"use_blockers":[],"orig_run_at":"document-idle","orig_noframes":null,"orig_connects":["www.zhihu.com"]}},"settings":{"enabled":true,"position":9},"meta":{"name":"Zhihu Visitor","uuid":"5bdaf780-fd68-472a-ae83-93200147c360","modified":1590653711763,"file_url":"https://tiansh.github.io/us-else/zhihu_visitor/Zhihu_Visitor.user.js"}}