{"options":{"awareOfChrome":false,"check_for_updates":true,"comment":null,"compat_arrayleft":false,"compat_foreach":false,"compat_forvarin":false,"compat_metadata":false,"compat_uW_gmonkey":false,"compat_wrappedjsobject":false,"compatopts_for_requires":true,"noframes":null,"override":{"merge_connects":true,"merge_excludes":true,"merge_includes":true,"merge_matches":true,"orig_connects":[],"orig_excludes":[],"orig_includes":[],"orig_matches":["http://www.baidu.com/s*","https://www.baidu.com/s*"],"orig_noframes":null,"orig_run_at":"document-end","use_blockers":[],"use_connects":[],"use_excludes":[],"use_includes":[],"use_matches":[]},"run_at":null},"settings":{"enabled":true,"position":8},"meta":{"name":"百度搜索广告清理助手","uuid":"1b471415-c3e0-4cb6-93e0-3b75f3996dfd","modified":1590654027901,"file_url":"https://greasyfork.org/scripts/18288-%E7%99%BE%E5%BA%A6%E6%90%9C%E7%B4%A2%E5%B9%BF%E5%91%8A%E6%B8%85%E7%90%86%E5%8A%A9%E6%89%8B/code/%E7%99%BE%E5%BA%A6%E6%90%9C%E7%B4%A2%E5%B9%BF%E5%91%8A%E6%B8%85%E7%90%86%E5%8A%A9%E6%89%8B.user.js"}}