{"options":{"awareOfChrome":false,"check_for_updates":true,"comment":null,"compat_arrayleft":false,"compat_foreach":false,"compat_forvarin":false,"compat_metadata":false,"compat_uW_gmonkey":false,"compat_wrappedjsobject":false,"compatopts_for_requires":true,"noframes":null,"override":{"merge_connects":true,"merge_excludes":true,"merge_includes":true,"merge_matches":true,"orig_connects":[],"orig_excludes":[],"orig_includes":[],"orig_matches":["*://pan.baidu.com/disk/home*","*://yun.baidu.com/disk/home*","*://pan.baidu.com/s/*","*://yun.baidu.com/s/*","*://pan.baidu.com/share/link*","*://yun.baidu.com/share/link*"],"orig_noframes":null,"orig_run_at":"document-start","use_blockers":[],"use_connects":[],"use_excludes":[],"use_includes":[],"use_matches":[]},"run_at":null},"settings":{"enabled":true,"position":4},"meta":{"name":"百度网盘直接下载助手","uuid":"8474ec8b-3072-4682-a395-26ed48a2cc66","modified":1590653774335,"file_url":"https://greasyfork.org/scripts/23635-%E7%99%BE%E5%BA%A6%E7%BD%91%E7%9B%98%E7%9B%B4%E6%8E%A5%E4%B8%8B%E8%BD%BD%E5%8A%A9%E6%89%8B/code/%E7%99%BE%E5%BA%A6%E7%BD%91%E7%9B%98%E7%9B%B4%E6%8E%A5%E4%B8%8B%E8%BD%BD%E5%8A%A9%E6%89%8B.user.js"}}